order_id,order_date,product_id,quantity_sold,sales_amount
1,2025-01-01,101,2,1800.00
2,2025-01-03,102,3,1800.00
3,2025-01-05,103,5,125.00
4,2025-01-07,104,2,120.00
5,2025-01-10,105,4,160.00
6,2025-01-12,106,6,90.00
7,2025-01-15,107,1,120.00
8,2025-01-18,108,2,300.00
9,2025-02-02,101,1,900.00
10,2025-02-05,102,2,1200.00
