product_id,product_name,category_id,unit_price
101,Laptop,1,900.00
102,Smartphone,1,600.00
103,T-Shirt,2,25.00
104,Jeans,2,60.00
105,"Rice Bag",3,40.00
106,"Cooking Oil",3,15.00
107,Blender,4,120.00
108,"Coffee Maker",4,150.00
